{"apple1.txt": 1772196839.239536, "apple2.txt": 1772196839.256524, "apple3.txt": 1772196839.263157, "microsoft.txt": 1772196839.2746775, "nvidia1.txt": 1772196839.2841854, "nvidia2.txt": 1772196839.293332, "nvidia3.txt": 1772196839.3039265, "nvidia4.txt": 1772196839.3114104}